****************************************************
*Confusion Matrix and Cohen Coefficient Calculation*
****************************************************

Simulated/Observed Vegetation Types
;ObsVeg 1;ObsVeg 2;ObsVeg 3;ObsVeg 4
SimVeg 1;7750;0;1003;0;
SimVeg 2;0;2249;1001;3004;
SimVeg 3;500;0;7747;250;
SimVeg 4;0;6250;1500;2496;

Number of Vegetation Types: ;4
Number of Accurate Simulations fe: ;8292.719
Total Sum N:;33750
fo:;20242
Cohen Coefficient k:;0.4693856
Standard Error:;0.003535683
95% confidence limits (k +- 1.96 x Error);0.4693856;+-;0.00692993874661624
99% confidence limits (k +- 2.58 x Error);0.4693856;+-;0.00912206222768873
